Block Label,Amino Acid Sequence
p1f0,MHHHHHHMVPAAQQTAMAPDAALT--FPEGFLWGSATASYQIEGAAAEDGRTPSIWDTYARTPGRVRNGDTGDVATDHYHRWREDVALMAELGLGAYRFSLAWPRIQPTGRGPALQKGLDFYRRLADELLAKG
p1f1,IQPVATLYHWDLPQELENAGGWPERATAERFAEYAAIAADALGDRVKTWTTLNEPWCSAFLGYGSGVHAPGRTDPVAALRAAHHLNLGHGLAVQALRDRLPADAQ-C
p1f2,SVTLNIHHVRPLTDSDADADAVRRIDALANRVFTGPMLQGAYPEDLVKDTAGLTDWS-FVRDGDLRLAHQKLDFLGVNYYSPTLVSEA-DGSGTHNSDGHGRSAHSPWPGADRVAFHQPPGETTAMGWAV
p1f3,DPSGLYELLRRLSSDFPALPLVITENGAAFHDYADPEGNVNDPERIAYVRDHLAAVHRAIKDGSDVRGYFLWSLLDNFEWAHGYSKRFGAVYVDYPTGTRIPKASARWYAEVARTGVLPTA-----
p2f0,MHHHHHHMTAS--ETRPLTATRS---FPPGFLWGAATAAYQIEGAAAEDGRTPSIWDTFSHTPGRVFEGHTGDVAVDHYHRFREDVALMSELGLNAYRFSVSWSRVQPTGRGPAVQKGLDFYRALVDELLAAG
p2f1,IEPALTLYHWDLPQELEDAGGWPERSTAERFAEYAGIVADAVGDRVSRWTTLNEPWCSAFLGYGSGVHAPGRTDPVAALRAAHHLNLGHGLAVQALRAALPADRRQL
p2f2,SVSLNLHEVRPLTGSAGDLDAVRRIDAVGNRVWLGPMLEGAYPEDLLADTAHLTDWS-FVRDGDTATARQPLDLLAVNYYAPTLVSEVAAGAEKPQDDGHGDSPHSPWPGADRVAFHRAPGERTAMGWPV
p2f3,DAGALYDLLKRVSAAYPGLPLVISENGAAYEDVVGPDGSVHDPERAAYVHAHLEAVHRALADGVDVRGYFLWSLLDNFEWAYGYAKRFGAVRVDYDTLERTPKSSARWYARVARSGELSAPDAG--
p3f0,MHHHHHHMTGDTPENQPAGPDRR---FPTGFLWGAATAAYQVEGAAAEDGRGPSIWDTFCRTPGKVRNGDNGDTAVDHYHRYRDDVALMAELGLGAYRFSVSWPRVQPTGRGPAVPAGLDFYQRLTDELLAHG
p3f1,ITPVATLYHWDLPQALQDAGGWPERDTAERFGEYAALVAEALGDRVPIWTTLNEPWCSAFLGYGSGVHAPGHTDPVAALRAAHHLNLAHGRAVSALRAALPATAQ-V
p3f2,SITHNLHEVRPLTDSAGDADAVRRIDALSNRVFTGPLFDGAYPQDLLSDTAALTDWA-FVQDGDLACVSAPIDFLGVNYYVPTVVSS--GLTGERGADGHLPSDHSPWPGSDHVAFHRPPGEQTAMGWVV
p3f3,DPSGLHDLLRRVHRDRPGLPLMITENGAAFDDYVTPEGAVHDPERIRYLHGHLDAVHRAIEDGVDVRGYFQWSLLDNFEWAYGYGKRFGMVYVDYLTQRRVPKASARWYSEVARTGVLPAVDQG--
p4f0,MHHHHHHMTYDTPSARPHTGNGLV--FPTGFLWGAATAAYQVEGAVAEDGRTPSIWDTFSRTPGKVRNGDTGDTAVDHYHRMPEDVALMAGLGLGAYRFSVSWPRVQPTGRGPAVQKGLDFYRRLTDELLDKG
p4f1,IQPVVTLYHWDLPQHLEDAGGWPERATAQRFAEYAGIVAGALGDRVKLWTTLNEPWCSAFLGYGSGVHAPGRTEPAATLRAAHHLNLAHGLGVQALRAALPSSAR-T
p4f2,SVSLNLHHVRPLTDSPQDLDAARRIDAIANRVFTGPMLRGAYPEDLQADTAHVDDWS-FVRDGDLAQIHQPLDALGVNYYSPTLVSASGSGTDT-GADGHGASDHSPWTGADDVAFHRTPGGTTAMGWTI
p4f3,DPGGLEELLLRVHADFPGLPLYITENGAAFDDYVNPEGEVRDPERIEYLRGHLAAAHRAIGAGVDLRGYFQWSLLDNFEWAYGYGRRFGAVYVDYATQTRIPKASAHWYSRVARSGIVPLEG----
p5f0,MHHHHHHMTTAIRRVAPTPDTTGTGRFPQGFTWGTATAAYQIEGAASAEGRTPSIWDTYSHTPGRVRNGDTGDVATDHYHRWREDVAIMADLGVSAYRFSLSWPRVQPTGRGPAAQKGLDFYRALTDALLENG
p5f1,IEPVVTLYHWDLPQELEDAGGWPERVTSDHFADYAALAARALGDRVKTWTTLNEPWCSAFLGYGSGVHAPGRTDPVAALRAAHHLNLGHGKAVQALRAELPSSAR-A
p5f2,SITLNIHHVRPLTESAEDVDAARRIDALANRVFTGPILEGHYPQDLLDDTAHLTDWS-FLRNGDTSTIHQPLDFLGVNYYTPTLVSAATGEAGH-HSDGHGVSDHSPWPGADQVAFHRPAGSTTAMGWAV
p5f3,DPSGLYDLLLRLKADHPAMPLMITENGAAFDDYVNPEGEVTDPERIAYLHGHLSAVRQAIAAGVDVRGYFLWSLLDNFEWGYGYSKRFGAVYVDYPTGKRIPKASARWYADVARTGRLPEDKNDDR
p6f0,MHHHHHHMTAVRPETSAQQASSTS--FPPGFVWGAATAAYQVEGAAAEDGRTPSIWDTFSHTPGKVRNGDTGDIAADHYHRYRDDVALMKDLGLKAYRFSVSWSRVQPTGRGPAVERGLDFYRRLTDELLEAG
p6f1,ITPVATLYHWDLPQELEDVGGWPHRDTAHRFAEYAEIMARALGDRVGVWTTLNEPWCSAFLGYGSGVHAPGRTDPAATLRAAHHLNLAHGKAVGALRSVLPSSAQ-V
p6f2,SLTLNLHQVRPLTDSAADVEAARRIDAVGNRIFTGPVLDGAYPEDLLADTAHLVDWSELVHDGDLAEISRPIDVLGVNYYSPTVVSLATEGAGTTKNDGHGASEHSPWTGCDDVAFHLANDQLTAMNWAI
p6f3,DADGLHTLLTGLAASHPQLPLMVTENGAAFDDYASPEGRVEDPQRIAYLHGHLEAVHRAIADGADVRGYFLWSLLDNFEWSYGYSKRFGAVYVDYPTQRRIPKASAHWYAGVIRDNALPAGR----
prf4,MHHHHHHMVPSTQSVQMLPPTGGV--FPPGFLWGAATASYQVEGAASEDGRTPSIWDTFARTPGKVRNGHNGDVAADHYHRYREDVALMKELGLKAYRFSLSWPRVQPTGRGPALPKGLDFYRRLADALLAAGIQPAATLYHWDLPQHLEDAGGWPHRSTAERFGEYAELAAEALGDRVKLWTT
prf5,IQPAATLYHWDLPQHLEDAGGWPHRSTAERFGEYAELAAEALGDRVKLWTTLNEPWCSAFLGYGSGVHAPGRTDPAAALRAAHHLNLGHGLGVQALRDRLPSSAQ-VSVSLNLHEVRPLTDSPADLDAARRIDAIGNRVWTGPIFRGHYPEDLQKDTAHLTDWS-FVQDGDTRQARAPLDFLGV
prf6,NYYTPTLVSLS-SESGTTNADGHGASAHSPWPGCDRVAFHQPPGELTAMGWAVDPSGLEELLRRLHAAFPQLPLVVSENGAAFDDYAGPDGEVRDPERARYVRGHLEAARRAIEAGADVRGYFLWSLLDNFEWSYGYSKRFGAVYVDYATGRRIPKSSARWYADVARDGRVPEA-----
prf7,LNEPWCSAFLGYGSGVHAPGRTDPAAALRAAHHLNLGHGLGVQALRDRLPSSAQ-VSVSLNLHEVRPLTDSPADLDAARRIDAIGNRVWTGPIFRGHYPEDLQKDTAHLTDWS-FVQDGDTRQARAPLDFLGVNYYTPTLVSLS-SESGTTNADGHGASAHSPWPGCDRVAFHQPPGELTAMGWAV
prf8,LNEPWCSAFLGYGSGVHAPGRTDPAAALRAAHHLNLGHGLGVQALRDRLPSSAQ-VSVSLNLHEVRPLTDSPADLDAARRIDAIGNRVWTGPIFRGHYPEDLQKDTAHLTDWS-FVQDGDTRQARAPLDFLGV
pcf4,MHHHHHHMVAS--QTSAATDSTS---FPEGFLWGAATAAYQIEGAAAEDGRGPSIWDTFSHTPGKVFNGDTGDVAVDHYHRYREDVALMAELGLKAYRFSVSWSRIQPTGRGPAVEAGLDFYRRLVDELLANGIEPVVTLYHWDLPQALEDAGGWPERDTADRFADYAELVAEALGDRVKLWTT
pcf5,IEPVVTLYHWDLPQALEDAGGWPERDTADRFADYAELVAEALGDRVKLWTTLNEPWCSAFLGYGSGVHAPGRTDPAAALRAAHHLNLAHGLAVQALRAELPASRRQVSITLNLHEVRPLTDSPEDVEAARRIDALSNRVFLGPIFRGAYPEDLLKDTAALDDWA-FVRDGDLALIRQPLDFLGV
pcf6,NYYTPTVVSAAGEGAEE-GSDGHGASDHSPWPGSDDVAFHLPNGERTAMGWPIDPDGLYDLLRRLKRDYPQLPLYITENGAAYDDVVDPDGAVHDPERIEYLRDHLAAVHRAIEDGVDVRGYFLWSLLDNFEWAYGYSKRFGMVYVDYDTQKRTPKASAHWYAEVIRSNRLPEE-----
pcf7,LNEPWCSAFLGYGSGVHAPGRTDPAAALRAAHHLNLAHGLAVQALRAELPASRRQVSITLNLHEVRPLTDSPEDVEAARRIDALSNRVFLGPIFRGAYPEDLLKDTAALDDWA-FVRDGDLALIRQPLDFLGVNYYTPTVVSAAGEGAEE-GSDGHGASDHSPWPGSDDVAFHLPNGERTAMGWPI
pcf8,LNEPWCSAFLGYGSGVHAPGRTDPAAALRAAHHLNLAHGLAVQALRAELPASRRQVSITLNLHEVRPLTDSPEDVEAARRIDALSNRVFLGPIFRGAYPEDLLKDTAALDDWA-FVRDGDLALIRQPLDFLGV
